Time,"Af()","Ar()","Ab()","Rf()","Rb()","Arb()","Arbb()"
0.,1200,0,0,30,0,0,0
0.000434674554306,1199,0,0,30,0,1,0
0.000681439053663,1198,0,1,30,0,1,0
0.00209344463953,1197,0,2,30,0,1,0
0.00495987422704,1196,0,3,30,0,1,0
0.00630894889589,1195,0,4,30,0,1,0
0.00642943640566,1194,0,5,30,0,1,0
0.00777988466391,1193,0,6,30,0,1,0
0.0103307337765,1192,0,6,30,0,2,0
0.0105452270922,1191,0,6,30,0,3,0
0.010954169264,1190,0,7,30,0,3,0
0.0110794167819,1189,0,8,30,0,3,0
0.0122272152756,1188,0,9,30,0,3,0
0.0125332516214,1187,0,9,30,0,4,0
0.0142465876539,1186,0,9,30,0,5,0
0.0154197804003,1185,0,9,30,0,6,0
0.0163404392109,1184,0,10,30,0,6,0
0.0186610777076,1183,0,11,30,0,6,0
0.0186856250417,1182,0,12,30,0,6,0
0.0193078613031,1181,0,12,30,0,7,0
0.0195316981307,1180,0,12,30,0,8,0
0.0196038431992,1179,0,13,30,0,8,0
0.0196727373377,1178,0,13,30,0,9,0
0.0206312649154,1177,0,13,30,0,10,0
0.020688761924,1176,0,14,30,0,10,0
0.0207706483037,1175,0,15,30,0,10,0
0.0219338868141,1174,0,16,30,0,10,0
0.02311428148,1173,0,17,30,0,10,0
0.0235204783722,1172,0,18,30,0,10,0
0.0236783444905,1171,0,19,30,0,10,0
0.0240152985702,1170,0,19,30,0,11,0
0.0252477902871,1169,0,20,30,0,11,0
0.0271190220781,1168,0,21,30,0,11,0
0.0283426934999,1167,0,21,30,0,12,0
0.0284508789148,1166,0,21,30,0,13,0
0.0300416029603,1165,0,22,30,0,13,0
0.0301282993246,1164,0,22,30,0,14,0
0.0306465241068,1163,0,22,30,0,15,0
0.0317339322752,1162,0,23,30,0,15,0
0.0324746000433,1161,0,23,30,0,16,0
0.0326963266819,1160,0,24,30,0,16,0
0.033062565928,1159,0,25,30,0,16,0
0.0335315657131,1158,0,25,30,0,17,0
0.033870112772,1157,0,26,30,0,17,0
0.0342986684145,1157,0,26,29,0,16,1
0.034973840843,1156,0,26,29,0,17,1
0.0355879091559,1155,0,27,29,0,17,1
0.0359564038393,1154,0,27,29,1,17,1
0.0365799064705,1153,0,27,29,1,18,1
0.037635571554,1152,0,27,29,1,19,1
0.0378761601274,1151,0,28,29,1,19,1
0.0391608868776,1150,0,28,29,1,20,1
0.0392839818957,1149,0,28,29,1,21,1
0.0394054638829,1148,0,29,29,1,21,1
0.040584467908,1147,0,29,29,1,22,1
0.0414155702473,1146,0,29,29,1,23,1
0.0424058497401,1145,0,30,29,1,23,1
0.0424741236694,1144,0,31,29,1,23,1
0.0428014058519,1143,0,31,29,1,24,1
0.0430970870863,1142,0,32,29,1,24,1
0.0431353628296,1141,0,32,29,1,25,1
0.0432080785204,1140,0,33,29,1,25,1
0.0436288352096,1139,0,33,29,1,26,1
0.0453625703067,1138,0,34,29,1,26,1
0.0458684767098,1137,0,35,29,1,26,1
0.0465306614047,1136,0,35,29,1,27,1
0.0465416934385,1135,0,36,29,1,27,1
0.0470251154682,1134,0,37,29,1,27,1
0.0472058449478,1133,0,37,29,1,28,1
0.0474737409364,1132,0,38,29,1,28,1
0.0475807444176,1131,0,39,29,1,28,1
0.048403837709,1130,0,39,29,1,29,1
0.0489244724732,1129,0,40,29,1,29,1
0.0501753241923,1128,0,40,29,1,30,1
0.051679411057,1128,0,40,28,1,29,2
0.0518721512841,1127,0,41,28,1,29,2
0.0521511553238,1126,0,42,28,1,29,2
0.0523580752808,1125,0,43,28,1,29,2
0.0526387508799,1124,0,43,28,1,30,2
0.0530741879798,1123,0,43,28,2,30,2
0.0530851041624,1122,0,44,28,2,30,2
0.0535293309501,1121,0,44,28,2,31,2
0.0540639249449,1120,0,45,28,2,31,2
0.0547538765672,1119,0,46,28,2,31,2
0.0552812934735,1118,0,47,28,2,31,2
0.0553398295575,1117,0,47,28,2,32,2
0.0557305035417,1116,0,47,28,2,33,2
0.0567526513742,1115,0,47,28,2,34,2
0.0574743011344,1114,0,47,28,2,35,2
0.0580952241416,1113,0,47,28,2,36,2
0.0587499929335,1113,0,47,27,2,35,3
0.0593894036243,1112,0,47,27,2,36,3
0.0598126144127,1111,0,48,27,2,36,3
0.0601048583998,1110,0,49,27,2,36,3
0.0612822434504,1109,0,50,27,2,36,3
0.0614783987932,1108,0,51,27,2,36,3
0.0618197159944,1107,0,51,27,2,37,3
0.0621746440776,1106,0,51,27,2,38,3
0.0623853026141,1105,0,51,27,2,39,3
0.0624844001429,1104,0,51,27,2,40,3
0.0626326232585,1103,0,51,27,3,40,3
0.063598143241,1102,0,51,27,3,41,3
0.0640173626734,1101,0,52,27,3,41,3
0.0640598189455,1100,0,53,27,3,41,3
0.0650924664377,1099,0,53,27,3,42,3
0.0655521764058,1099,0,53,26,3,41,4
0.0656087074878,1098,0,53,26,3,42,4
0.0657893142319,1098,0,53,25,3,41,5
0.0662378458846,1097,0,54,25,3,41,5
0.0662783874277,1096,0,54,25,3,42,5
0.0674867318798,1096,0,54,24,3,41,6
0.0681552707777,1095,0,54,24,3,42,6
0.0694337664535,1094,0,54,24,3,43,6
0.0697111928695,1093,0,55,24,3,43,6
0.0698834619206,1092,0,56,24,3,43,6
0.0701668615773,1091,0,57,24,3,43,6
0.07109394342,1090,0,57,24,3,44,6
0.071135111836,1089,0,58,24,3,44,6
0.071341492458,1088,0,59,24,3,44,6
0.0714254765162,1088,0,59,23,3,43,7
0.0720301760002,1087,0,60,23,3,43,7
0.0729968795894,1086,0,61,23,3,43,7
0.0737484870212,1085,0,62,23,3,43,7
0.0738955994445,1084,0,62,23,3,44,7
0.0740581610012,1084,0,62,22,3,43,8
0.0742744639826,1083,0,63,22,3,43,8
0.075429010016,1082,0,64,22,3,43,8
0.0758081978838,1081,0,64,22,3,44,8
0.0758369398567,1080,0,64,22,4,44,8
0.0760521501208,1079,0,64,22,5,44,8
0.0773553955777,1078,0,65,22,5,44,8
0.0773658568446,1077,0,65,22,5,45,8
0.0774727297523,1076,0,65,22,5,46,8
0.0781637605529,1075,0,65,22,5,47,8
0.0791375874374,1074,0,65,22,6,47,8
0.0792461945996,1073,0,65,22,6,48,8
0.079679940405,1072,0,66,22,6,48,8
0.0797461105166,1071,0,66,22,6,49,8
0.0798592685276,1070,0,67,22,6,49,8
0.0808480055787,1069,0,67,22,7,49,8
0.0811806571751,1068,0,67,22,7,50,8
0.0814297992494,1067,0,67,22,7,51,8
0.0816748848809,1066,0,68,22,7,51,8
0.0819909001861,1065,0,68,22,7,52,8
0.0820365978362,1064,0,69,22,7,52,8
0.0823599621906,1063,0,69,22,7,53,8
0.0835736546857,1062,0,69,22,7,54,8
0.0838141961434,1061,0,69,22,7,55,8
0.0841547151115,1060,0,70,22,7,55,8
0.0842489068741,1059,0,71,22,7,55,8
0.0847049768854,1058,0,71,22,7,56,8
0.0848765175663,1058,0,71,21,7,55,9
0.0851702865809,1057,0,71,21,7,56,9
0.0855169646136,1056,0,72,21,7,56,9
0.0857278412199,1055,0,72,21,7,57,9
0.0857853927067,1054,0,72,21,8,57,9
0.0860072236958,1053,0,72,21,8,58,9
0.0868112874123,1052,0,72,21,8,59,9
0.0871040179394,1051,0,73,21,8,59,9
0.0872214475154,1050,0,73,21,8,60,9
0.0875373340504,1049,0,73,21,8,61,9
0.0876024075076,1048,0,74,21,8,61,9
0.0878934735347,1047,0,74,21,8,62,9
0.0879495911503,1046,0,74,21,8,63,9
0.0885568243658,1045,0,75,21,8,63,9
0.0888336864576,1044,0,75,21,8,64,9
0.0889533494391,1044,0,75,20,8,63,10
0.0893211073901,1044,0,75,19,8,62,11
0.0893505791405,1043,0,76,19,8,62,11
0.0893605090176,1042,0,77,19,8,62,11
0.0905342264121,1041,0,77,19,8,63,11
0.0905785465292,1040,0,77,19,9,63,11
0.0907271702155,1039,0,78,19,9,63,11
0.0909178283558,1038,0,79,19,9,63,11
0.0910192433819,1037,0,80,19,9,63,11
0.091072430287,1036,0,81,19,9,63,11
0.0911058574764,1035,0,82,19,9,63,11
0.0913666059631,1034,0,82,19,10,63,11
0.091496718622,1033,0,83,19,10,63,11
0.091583120108,1032,0,83,19,10,64,11
0.0916704970912,1031,0,83,19,10,65,11
0.0920032905351,1030,0,83,19,10,66,11
0.0922031697393,1029,0,83,19,10,67,11
0.0924689310942,1028,0,83,19,10,68,11
0.0926288601877,1028,0,83,18,10,67,12
0.0932749547712,1027,0,83,18,10,68,12
0.0938875284619,1026,0,83,18,10,69,12
0.0951747149355,1025,0,83,18,11,69,12
0.0951750519505,1024,0,84,18,11,69,12
0.095782073704,1023,0,84,18,11,70,12
0.095873292743,1022,0,85,18,11,70,12
0.0961143095856,1021,0,85,18,11,71,12
0.0962726271595,1020,0,86,18,11,71,12
0.0967142060222,1019,0,87,18,11,71,12
0.0970218369168,1018,0,87,18,11,72,12
0.0976868277461,1017,0,88,18,11,72,12
0.0977620217303,1016,0,88,18,11,73,12
0.0991952575334,1015,0,88,18,11,74,12
0.0992166817289,1014,0,88,18,11,75,12
0.0994302758721,1013,0,89,18,11,75,12
0.0996646270899,1012,0,90,18,11,75,12
0.0998975762686,1012,0,90,17,11,74,13
0.100204728735,1011,0,91,17,11,74,13
0.100279308983,1010,0,92,17,11,74,13
0.100677821954,1009,0,93,17,11,74,13
0.100823922854,1008,0,93,17,11,75,13
0.101374437856,1007,0,93,17,11,76,13
0.102519946548,1006,0,94,17,11,76,13
0.102752645833,1005,0,94,17,12,76,13
0.102815902567,1004,0,95,17,12,76,13
0.102889658999,1003,0,95,17,12,77,13
0.103013771907,1002,0,95,17,12,78,13
0.103089441925,1001,0,96,17,12,78,13
0.103121462221,1000,0,96,17,13,78,13
0.103307463554,999,0,97,17,13,78,13
0.103355922372,998,0,98,17,13,78,13
0.10362466289,997,0,98,17,13,79,13
0.103762784543,996,0,99,17,13,79,13
0.103790231475,995,0,100,17,13,79,13
0.103900369532,994,0,100,17,13,80,13
0.104086403073,993,0,100,17,13,81,13
0.104540892603,992,0,101,17,13,81,13
0.104597304968,991,0,101,17,13,82,13
0.105114845161,990,0,101,17,13,83,13
0.105213285337,989,0,101,17,13,84,13
0.105282983257,988,0,101,17,13,85,13
0.105374557795,987,0,101,17,13,86,13
0.105385070263,986,0,102,17,13,86,13
0.105586284774,985,0,102,17,13,87,13
0.105852794588,984,0,102,17,13,88,13
0.105971143922,983,0,102,17,13,89,13
0.106096208698,982,0,103,17,13,89,13
0.106252115554,981,0,103,17,13,90,13
0.106290405121,980,0,103,17,13,91,13
0.106439565037,979,0,103,17,13,92,13
0.106446783982,978,0,103,17,13,93,13
0.106629248852,977,0,104,17,13,93,13
0.106956501509,977,0,104,16,13,92,14
0.107377885458,976,0,104,16,13,93,14
0.108031394013,975,0,104,16,13,94,14
0.108034111703,974,0,105,16,13,94,14
0.108068142658,973,0,105,16,13,95,14
0.10814391357,972,0,106,16,13,95,14
0.108163179585,971,0,106,16,13,96,14
0.108301907882,970,0,106,16,13,97,14
0.108306248903,969,0,106,16,13,98,14
0.108439594682,968,0,106,16,13,99,14
0.10874932621,967,0,106,16,13,100,14
0.108782699951,966,0,106,16,13,101,14
0.108853825072,965,0,107,16,13,101,14
0.108857751153,964,0,107,16,13,102,14
0.109511693016,963,0,108,16,13,102,14
0.109571618006,962,0,109,16,13,102,14
0.109650000447,961,0,110,16,13,102,14
0.110036473309,960,0,111,16,13,102,14
0.110460994532,960,0,111,15,13,101,15
0.110585993096,959,0,112,15,13,101,15
0.110950681436,958,0,113,15,13,101,15
0.110995729241,958,0,113,14,13,100,16
0.111093943027,957,0,114,14,13,100,16
0.111132275722,956,0,114,14,13,101,16
0.11134800023,955,0,115,14,13,101,16
0.111494602269,954,0,116,14,13,101,16
0.112043913907,953,0,116,14,13,102,16
0.112162017979,952,0,117,14,13,102,16
0.112573821521,951,0,117,14,13,103,16
0.112682220017,950,0,117,14,13,104,16
0.112773468378,949,0,117,14,13,105,16
0.112823138136,948,0,118,14,13,105,16
0.113216029453,947,0,119,14,13,105,16
0.113838199547,946,0,119,14,13,106,16
0.113880218377,945,0,120,14,13,106,16
0.114122602044,944,0,120,14,13,107,16
0.114230099385,943,0,121,14,13,107,16
0.114784850115,942,0,121,14,13,108,16
0.114810880422,941,0,121,14,13,109,16
0.114996154941,940,0,121,14,13,110,16
0.115368123304,939,0,121,14,14,110,16
0.115412280078,938,0,121,14,14,111,16
0.115530467685,937,0,121,14,14,112,16
0.115820460724,936,0,122,14,14,112,16
0.116331665321,936,0,122,13,14,111,17
0.116429114788,935,0,122,13,14,112,17
0.116484625105,934,0,123,13,14,112,17
0.116770866878,933,0,123,13,14,113,17
0.116776161165,932,0,124,13,14,113,17
0.117268565979,931,0,125,13,14,113,17
0.117277493683,930,0,126,13,14,113,17
0.117633122169,929,0,126,13,14,114,17
0.117872112036,928,0,127,13,14,114,17
0.117906081806,927,0,127,13,14,115,17
0.118027244371,927,0,127,12,14,114,18
0.118318462799,926,0,128,12,14,114,18
0.118683849382,926,0,128,11,14,113,19
0.11884331222,925,0,129,11,14,113,19
0.118851280154,924,0,130,11,14,113,19
0.119060774111,923,0,130,11,15,113,19
0.119801948225,922,0,130,11,15,114,19
0.119895568,921,0,130,11,15,115,19
0.120086285803,920,0,131,11,15,115,19
0.120564689696,919,0,132,11,15,115,19
0.120703274148,918,0,133,11,15,115,19
0.121122313451,917,0,134,11,15,115,19
0.121259581728,916,0,135,11,15,115,19
0.121417116333,915,0,136,11,15,115,19
0.121511670628,914,0,136,11,15,116,19
0.121565757622,913,0,137,11,15,116,19
0.121893649029,912,0,138,11,15,116,19
0.122032395731,912,0,138,10,15,115,20
0.122361113191,911,0,139,10,15,115,20
0.122387612348,910,0,139,10,15,116,20
0.122493276992,910,0,139,9,15,115,21
0.12255268737,909,0,139,9,15,116,21
0.122691758308,908,0,139,9,15,117,21
0.122788567715,907,0,139,9,15,118,21
0.122808115474,906,0,139,9,15,119,21
0.122951180613,905,0,139,9,15,120,21
0.123359275892,904,0,140,9,15,120,21
0.123406183973,903,0,140,9,15,121,21
0.124019640018,902,0,141,9,15,121,21
0.125014581954,901,0,142,9,15,121,21
0.125111459579,900,0,142,9,15,122,21
0.125525476535,899,0,142,9,15,123,21
0.1256156901,898,0,142,9,15,124,21
0.125758224029,898,0,142,8,15,123,22
0.126753128477,897,0,142,8,15,124,22
0.126888089288,896,0,143,8,15,124,22
0.127326459435,895,0,144,8,15,124,22
0.127333980647,894,0,145,8,15,124,22
0.128317862971,893,0,146,8,15,124,22
0.128480414063,892,0,147,8,15,124,22
0.129006588568,891,0,147,8,15,125,22
0.12915661714,890,0,148,8,15,125,22
0.129267507741,889,0,149,8,15,125,22
0.129753099393,888,0,149,8,15,126,22
0.129850116726,887,0,149,8,15,127,22
0.130596579112,886,0,149,8,16,127,22
0.130862272504,885,0,149,8,16,128,22
0.130912566876,884,0,150,8,16,128,22
0.131328185393,883,0,151,8,16,128,22
0.131864545301,882,0,151,8,16,129,22
0.132625029959,881,0,151,8,16,130,22
0.132674311332,880,0,151,8,16,131,22
0.132688131852,879,0,151,8,16,132,22
0.133103742446,878,0,151,8,17,132,22
0.133223656102,877,0,152,8,17,132,22
0.133595673956,876,0,152,8,18,132,22
0.133644860759,875,0,153,8,18,132,22
0.133885161765,874,0,154,8,18,132,22
0.134315148034,873,0,155,8,18,132,22
0.134592714283,872,0,156,8,18,132,22
0.134956126005,871,0,156,8,18,133,22
0.135362775417,870,0,156,8,18,134,22
0.135370929348,869,0,156,8,18,135,22
0.135582442527,868,0,157,8,18,135,22
0.135913591028,867,0,157,8,18,136,22
0.136552267822,866,0,157,8,18,137,22
0.136807256609,865,0,157,8,18,138,22
0.136999275602,864,0,157,8,18,139,22
0.137075470869,863,0,157,8,18,140,22
0.137078115137,862,0,158,8,18,140,22
0.137087342914,861,0,158,8,18,141,22
0.137462797817,861,0,158,7,18,140,23
0.137624418327,860,0,158,7,18,141,23
0.137702929526,859,0,158,7,18,142,23
0.137866663574,858,0,158,7,18,143,23
0.138036375258,857,0,158,7,18,144,23
0.138143553646,856,0,159,7,18,144,23
0.138635822969,855,0,159,7,19,144,23
0.138861044106,854,0,159,7,19,145,23
0.138961440261,853,0,159,7,19,146,23
0.13910506606,852,0,160,7,19,146,23
0.139347656984,851,0,160,7,19,147,23
0.139504313745,850,0,160,7,20,147,23
0.139848245609,849,0,160,7,20,148,23
0.139925357759,848,0,160,7,20,149,23
0.140015169533,847,0,161,7,20,149,23
0.140116000146,846,0,162,7,20,149,23
0.140153102657,845,0,163,7,20,149,23
0.140176792429,844,0,164,7,20,149,23
0.140354236639,843,0,165,7,20,149,23
0.140403192086,842,0,165,7,20,150,23
0.140479848079,841,0,165,7,20,151,23
0.140486350023,840,0,165,7,21,151,23
0.14098650211,839,0,165,7,21,152,23
0.141194423923,838,0,166,7,21,152,23
0.141392344603,837,0,166,7,21,153,23
0.141511004878,836,0,166,7,22,153,23
0.141597594249,835,0,166,7,22,154,23
0.141603847192,834,0,166,7,22,155,23
0.141921652877,833,0,167,7,22,155,23
0.14195004774,832,0,167,7,22,156,23
0.142070165138,831,0,167,7,22,157,23
0.14214466579,830,0,168,7,22,157,23
0.142177483863,829,0,168,7,22,158,23
0.142227837785,828,0,168,7,22,159,23
0.142233879865,828,0,168,6,22,158,24
0.142699980936,827,0,168,6,22,159,24
0.142718607688,826,0,168,6,22,160,24
0.142815439226,825,0,168,6,22,161,24
0.143080649857,824,0,169,6,22,161,24
0.143558244078,823,0,170,6,22,161,24
0.143764554657,822,0,171,6,22,161,24
0.143884116609,821,0,172,6,22,161,24
0.143897035996,820,0,172,6,23,161,24
0.143916843117,819,0,173,6,23,161,24
0.144367608976,819,0,173,5,23,160,25
0.144470118815,818,0,174,5,23,160,25
0.144554921349,817,0,175,5,23,160,25
0.144617890349,816,0,176,5,23,160,25
0.144641585727,815,0,177,5,23,160,25
0.144690919793,814,0,178,5,23,160,25
0.145074799043,813,0,178,5,23,161,25
0.145294448985,812,0,179,5,23,161,25
0.145494915324,811,0,180,5,23,161,25
0.145560030053,810,0,180,5,23,162,25
0.145690621279,809,0,180,5,23,163,25
0.145861259556,808,0,181,5,23,163,25
0.146077137571,807,0,182,5,23,163,25
0.146781640377,806,0,182,5,24,163,25
0.147049333473,805,0,183,5,24,163,25
0.147089807392,804,0,184,5,24,163,25
0.147104672706,804,0,184,4,24,162,26
0.147135214899,803,0,185,4,24,162,26
0.147142166157,802,0,185,4,24,163,26
0.147546441527,801,0,185,4,24,164,26
0.147635229439,800,0,185,4,24,165,26
0.147636842433,799,0,185,4,24,166,26
0.147708411905,798,0,185,4,25,166,26
0.147853420518,797,0,186,4,25,166,26
0.148132662972,796,0,186,4,25,167,26
0.14813304595,795,0,186,4,25,168,26
0.148270568831,794,0,186,4,25,169,26
0.148294603748,793,0,186,4,25,170,26
0.148475746007,792,0,187,4,25,170,26
0.148660184276,791,0,188,4,25,170,26
0.148761359311,790,0,188,4,25,171,26
0.14883367314,789,0,188,4,25,172,26
0.149409079169,788,0,188,4,25,173,26
0.149745300686,787,0,189,4,25,173,26
0.14975469885,786,0,189,4,25,174,26
0.149977083093,785,0,190,4,25,174,26
0.149983894063,784,0,190,4,25,175,26
0.150078704686,783,0,190,4,25,176,26
0.150196899895,782,0,190,4,25,177,26
0.150566937627,781,0,190,4,25,178,26
0.150585060056,780,0,190,4,25,179,26
0.150882233914,779,0,190,4,26,179,26
0.151385945109,778,0,190,4,26,180,26
0.152158895214,777,0,190,4,26,181,26
0.152205792369,776,0,191,4,26,181,26
0.152382952623,775,0,192,4,26,181,26
0.152462076846,774,0,193,4,26,181,26
0.152464677485,773,0,193,4,26,182,26
0.152503038431,772,0,194,4,26,182,26
0.152647027667,771,0,195,4,26,182,26
0.152835375905,770,0,195,4,26,183,26
0.152870918431,769,0,195,4,26,184,26
0.153054321224,768,0,195,4,26,185,26
0.153749168145,767,0,195,4,26,186,26
0.153937476351,766,0,195,4,26,187,26
0.154378349564,765,0,196,4,26,187,26
0.154741162864,764,0,197,4,26,187,26
0.154943730202,763,0,197,4,26,188,26
0.15504118634,762,0,198,4,26,188,26
0.155041547267,761,0,199,4,26,188,26
0.155440376462,760,0,200,4,26,188,26
0.155667705357,759,0,200,4,26,189,26
0.155735981104,758,0,200,4,26,190,26
0.155863582412,757,0,200,4,26,191,26
0.155981764208,756,0,201,4,26,191,26
0.15605686142,755,0,202,4,26,191,26
0.156076147989,754,0,203,4,26,191,26
0.156317537968,753,0,204,4,26,191,26
0.156333234908,752,0,205,4,26,191,26
0.15679020597,751,0,206,4,26,191,26
0.157422055362,750,0,207,4,26,191,26
0.15756344164,749,0,208,4,26,191,26
0.157667016109,748,0,208,4,26,192,26
0.15773287252,747,0,209,4,26,192,26
0.157771587557,746,0,210,4,26,192,26
0.158061910302,745,0,211,4,26,192,26
0.158082766745,744,0,211,4,26,193,26
0.158164135735,743,0,212,4,26,193,26
0.158466173369,742,0,213,4,26,193,26
0.158480682611,741,0,214,4,26,193,26
0.158680150689,740,0,215,4,26,193,26
0.158856471224,739,0,215,4,26,194,26
0.159163010987,738,0,215,4,26,195,26
0.159357721766,737,0,215,4,26,196,26
0.159798903286,736,0,216,4,26,196,26
0.159799522206,735,0,217,4,26,196,26
0.159879560917,734,0,218,4,26,196,26
0.159969307084,733,0,218,4,26,197,26
0.160406407644,732,0,219,4,26,197,26
0.160491666903,731,0,220,4,26,197,26
0.160674246482,730,0,220,4,26,198,26
0.160931414827,729,0,221,4,26,198,26
0.161080488705,728,0,222,4,26,198,26
0.161240423071,727,0,223,4,26,198,26
0.161271393726,726,0,224,4,26,198,26
0.161703710845,725,0,225,4,26,198,26
0.163112511165,724,0,225,4,26,199,26
0.16317100757,723,0,225,4,26,200,26
0.163545285873,722,0,225,4,26,201,26
0.163740345809,721,0,226,4,26,201,26
0.163883695594,720,0,226,4,26,202,26
0.164089231262,719,0,226,4,26,203,26
0.164492699936,718,0,227,4,26,203,26
0.164508352457,717,0,228,4,26,203,26
0.164843948117,716,0,228,4,26,204,26
0.165094963819,715,0,229,4,26,204,26
0.165174435026,714,0,230,4,26,204,26
0.165419922022,713,0,231,4,26,204,26
0.165550060533,712,0,232,4,26,204,26
0.165839893581,711,0,233,4,26,204,26
0.16586964909,710,0,234,4,26,204,26
0.16588389691,709,0,234,4,26,205,26
0.166369451361,708,0,235,4,26,205,26
0.166592257753,707,0,236,4,26,205,26
0.166904378232,706,0,237,4,26,205,26
0.166949764357,705,0,238,4,26,205,26
0.167031062522,704,0,239,4,26,205,26
0.167380834763,703,0,240,4,26,205,26
0.167563030315,702,0,240,4,26,206,26
0.167683128361,701,0,241,4,26,206,26
0.167752492201,700,0,241,4,26,207,26
0.167841907853,699,0,242,4,26,207,26
0.168241457508,698,0,242,4,26,208,26
0.168360539853,697,0,242,4,26,209,26
0.168432262813,696,0,243,4,26,209,26
0.169820613626,695,0,243,4,26,210,26
0.169901952826,694,0,243,4,26,211,26
0.170067975775,693,0,243,4,26,212,26
0.170530365924,692,0,243,4,26,213,26
0.170535986744,691,0,243,4,26,214,26
0.17058839176,690,0,244,4,26,214,26
0.170823704059,689,0,244,4,26,215,26
0.17096065312,688,0,244,4,26,216,26
0.171171005133,687,0,244,4,26,217,26
0.171213505427,686,0,245,4,26,217,26
0.171802578245,685,0,245,4,26,218,26
0.171998289281,684,0,246,4,26,218,26
0.172265664691,683,0,247,4,26,218,26
0.172370914951,682,0,248,4,26,218,26
0.172884154173,681,0,249,4,26,218,26
0.172936219529,680,0,249,4,26,219,26
0.173048644615,679,0,249,4,26,220,26
0.173538943177,678,0,249,4,26,221,26
0.173634050065,677,0,249,4,26,222,26
0.173844465389,676,0,249,4,26,223,26
0.174269055588,675,0,249,4,26,224,26
0.174579518138,674,0,249,4,26,225,26
0.174627824943,673,0,250,4,26,225,26
0.17493211816,672,0,251,4,26,225,26
0.174961110813,671,0,251,4,26,226,26
0.176318077495,670,0,252,4,26,226,26
0.176549601617,669,0,252,4,26,227,26
0.176704236107,668,0,253,4,26,227,26
0.176724013991,667,0,253,4,26,228,26
0.176753478011,667,0,253,3,26,227,27
0.17682293961,667,0,253,2,26,226,28
0.176961018491,666,0,254,2,26,226,28
0.177376393979,665,0,255,2,26,226,28
0.177896830769,664,0,255,2,26,227,28
0.178142285502,663,0,256,2,26,227,28
0.178237972255,662,0,257,2,26,227,28
0.17841795678,661,0,257,2,26,228,28
0.178559320337,660,0,257,2,26,229,28
0.179095011113,659,0,257,2,26,230,28
0.179394058824,658,0,258,2,26,230,28
0.179562257958,657,0,258,2,26,231,28
0.179631493264,656,0,258,2,26,232,28
0.179781871379,655,0,258,2,26,233,28
0.17992575191,654,0,258,2,26,234,28
0.180185549028,653,0,259,2,26,234,28
0.180282858857,652,0,260,2,26,234,28
0.180305942064,651,0,261,2,26,234,28
0.18032124097,650,0,262,2,26,234,28
0.180930343569,649,0,263,2,26,234,28
0.181198960067,648,0,263,2,26,235,28
0.181320629185,647,0,263,2,26,236,28
0.181338177175,647,0,263,1,26,235,29
0.181551204585,646,0,264,1,26,235,29
0.181884396448,645,0,265,1,26,235,29
0.18189215576,644,0,265,1,26,236,29
0.182107552864,643,0,265,1,26,237,29
0.182527973435,642,0,265,1,26,238,29
0.182814361873,641,0,266,1,26,238,29
0.182845497853,640,0,267,1,26,238,29
0.182919912195,639,0,267,1,26,239,29
0.182938718351,638,0,268,1,26,239,29
0.183525612127,637,0,268,1,26,240,29
0.183886941137,636,0,269,1,26,240,29
0.183999197162,635,0,270,1,26,240,29
0.184140977383,634,0,270,1,26,241,29
0.184188104091,633,0,271,1,26,241,29
0.184327727046,632,0,271,1,26,242,29
0.184601397618,631,0,271,1,26,243,29
0.184717170061,630,0,271,1,26,244,29
0.184855135842,629,0,272,1,26,244,29
0.185323962502,628,0,272,1,26,245,29
0.186083484281,627,0,272,1,26,246,29
0.186099405192,626,0,273,1,26,246,29
0.186207628229,625,0,273,1,26,247,29
0.186276854213,624,0,274,1,26,247,29
0.186437267726,623,0,275,1,26,247,29
0.186569756978,622,0,276,1,26,247,29
0.186676408428,621,0,277,1,26,247,29
0.186760523612,620,0,277,1,26,248,29
0.187024612971,619,0,278,1,26,248,29
0.187053649552,618,0,278,1,26,249,29
0.187258136296,617,0,279,1,26,249,29
0.187387762266,616,0,279,1,26,250,29
0.187677742053,615,0,280,1,26,250,29
0.188000088556,614,0,281,1,26,250,29
0.188125631243,613,0,281,1,26,251,29
0.188241738004,612,0,281,1,26,252,29
0.188242391775,611,0,282,1,26,252,29
0.18824307948,610,0,282,1,26,253,29
0.188294305998,609,0,283,1,26,253,29
0.188888116405,608,0,284,1,26,253,29
0.189180254922,607,0,285,1,26,253,29
0.189620038304,606,0,286,1,26,253,29
0.190381773726,605,0,286,1,26,254,29
0.190388622014,604,0,286,1,26,255,29
0.190500131669,603,0,286,1,26,256,29
0.190961517337,602,0,286,1,26,257,29
0.191425543217,601,0,286,1,27,257,29
0.19152427983,600,0,287,1,27,257,29
0.191774820767,599,0,287,1,27,258,29
0.191912653748,598,0,287,1,27,259,29
0.192152442856,597,0,288,1,27,259,29
0.192348203012,596,0,288,1,27,260,29
0.192645378472,595,0,289,1,27,260,29
0.192945345458,594,0,289,1,27,261,29
0.193064411514,593,0,289,1,27,262,29
0.193387070726,592,0,289,1,27,263,29
0.19353723614,591,0,290,1,27,263,29
0.193643786194,590,0,290,1,27,264,29
0.194045203161,589,0,291,1,27,264,29
0.194259097835,588,0,291,1,28,264,29
0.194445104001,587,0,292,1,28,264,29
0.194742788955,586,0,293,1,28,264,29
0.194815347343,585,0,294,1,28,264,29
0.195144815688,584,0,295,1,28,264,29
0.195296915567,583,0,295,1,28,265,29
0.195712509813,582,0,295,1,28,266,29
0.196323353939,581,0,295,1,28,267,29
0.19651107103,580,0,295,1,28,268,29
0.196644891738,579,0,296,1,28,268,29
0.197292120038,578,0,297,1,28,268,29
0.19788739726,577,0,297,1,28,269,29
0.197894473366,576,0,298,1,28,269,29
0.198105198379,575,0,299,1,28,269,29
0.198649714547,574,0,300,1,28,269,29
0.198682640967,573,0,301,1,28,269,29
0.198799763735,572,0,302,1,28,269,29
0.198820982912,571,0,302,1,28,270,29
0.199324207328,570,0,302,1,28,271,29
0.199557395375,569,0,303,1,28,271,29
0.199742769568,568,0,303,1,28,272,29
0.199837650195,567,0,304,1,28,272,29
0.200195141866,566,0,305,1,28,272,29
0.200201372087,565,0,305,1,28,273,29
0.200300034674,564,0,305,1,28,274,29
0.200607474284,563,0,305,1,28,275,29
0.20126551876,562,0,306,1,28,275,29
0.201538674666,561,0,306,1,28,276,29
0.201548944849,560,0,306,1,28,277,29
0.201689494672,559,0,307,1,28,277,29
0.20234229547,558,0,308,1,28,277,29
0.202456823676,557,0,309,1,28,277,29
0.203054637748,556,0,309,1,28,278,29
0.20311708636,555,0,310,1,28,278,29
0.203413337395,554,0,311,1,28,278,29
0.203467427984,553,0,312,1,28,278,29
0.203694539858,552,0,313,1,28,278,29
0.20373123341,551,0,314,1,28,278,29
0.203842148098,550,0,315,1,28,278,29
0.203898248328,549,0,315,1,28,279,29
0.203951086095,548,0,315,1,28,280,29
0.204178754541,547,0,316,1,28,280,29
0.204574530533,546,0,316,1,28,281,29
0.205071038312,545,0,317,1,28,281,29
0.20512218692,544,0,318,1,28,281,29
0.205173743384,543,0,318,1,28,282,29
0.20534115019,542,0,319,1,28,282,29
0.205436349404,541,0,319,1,28,283,29
0.205734162122,540,0,320,1,28,283,29
0.206512283777,539,0,320,1,28,284,29
0.206606911473,538,0,320,1,28,285,29
0.206867338494,537,0,321,1,28,285,29
0.206884993817,536,0,321,1,28,286,29
0.207062487427,535,0,321,1,28,287,29
0.207467786356,534,0,322,1,28,287,29
0.207478253202,534,0,322,0,28,286,30
0.208381221914,533,0,322,0,28,287,30
0.208429963383,532,0,323,0,28,287,30
0.209118304073,531,0,323,0,28,288,30
0.209285248668,530,0,323,0,28,289,30
0.209371599405,529,0,324,0,28,289,30
0.209748992887,528,0,324,0,28,290,30
0.210058573453,527,0,325,0,28,290,30
0.210093738929,526,0,325,0,28,291,30
0.210490354506,525,0,325,0,28,292,30
0.210650641987,524,0,325,0,28,293,30
0.210819145673,523,0,326,0,28,293,30
0.211170739668,522,0,326,0,28,294,30
0.211286573689,521,0,326,0,28,295,30
0.211390859692,520,0,327,0,28,295,30
0.211483211347,519,0,327,0,28,296,30
0.211766675576,518,0,328,0,28,296,30
0.211886228604,517,0,329,0,28,296,30
0.211994058761,516,0,329,0,28,297,30
0.212077442167,515,0,329,0,28,298,30
0.212212094586,514,0,329,0,28,299,30
0.213129312353,513,0,330,0,28,299,30
0.213271608844,512,0,330,0,28,300,30
0.21383153277,511,0,331,0,28,300,30
0.213909724418,510,0,331,0,28,301,30
0.214802608099,509,0,332,0,28,301,30
0.214917150561,508,0,332,0,28,302,30
0.21508560698,507,0,332,0,28,303,30
0.215400639071,506,0,332,0,28,304,30
0.215418054218,505,0,332,0,28,305,30
0.215873875316,504,0,332,0,28,306,30
0.216041633319,503,0,333,0,28,306,30
0.21636300398,502,0,333,0,28,307,30
0.216451779515,501,0,333,0,28,308,30
0.216880915838,500,0,333,0,28,309,30
0.217101148819,499,0,334,0,28,309,30
0.217488297135,498,0,334,0,28,310,30
0.217499553934,497,0,334,0,28,311,30
0.217731471142,496,0,334,0,29,311,30
0.218025950908,495,0,334,0,29,312,30
0.218117705149,494,0,334,0,29,313,30
0.218478125841,493,0,335,0,29,313,30
0.218795085787,492,0,336,0,29,313,30
0.219454233249,491,0,336,0,29,314,30
0.220372191377,490,0,336,0,29,315,30
0.22042938113,489,0,337,0,29,315,30
0.220549482865,488,0,338,0,29,315,30
0.220798986138,487,0,339,0,29,315,30
0.221374773457,486,0,340,0,29,315,30
0.222857479172,485,0,341,0,29,315,30
0.223109182173,484,0,341,0,29,316,30
0.223119912324,483,0,341,0,29,317,30
0.22354213133,482,0,341,0,29,318,30
0.224080810291,481,0,342,0,29,318,30
0.22427404731,480,0,343,0,29,318,30
0.224547833685,479,0,343,0,29,319,30
0.224861472422,478,0,344,0,29,319,30
0.224907194192,477,0,344,0,29,320,30
0.224932871805,476,0,345,0,29,320,30
0.225130928492,475,0,346,0,29,320,30
0.225385182477,474,0,347,0,29,320,30
0.22635289325,473,0,347,0,29,321,30
0.22641286355,472,0,347,0,29,322,30
0.226414555555,471,0,347,0,29,323,30
0.226548035111,470,0,348,0,29,323,30
0.22682269987,469,0,348,0,29,324,30
0.22687856466,468,0,348,0,29,325,30
0.227146561456,467,0,349,0,29,325,30
0.227766225464,466,0,350,0,29,325,30
0.227941576229,465,0,350,0,29,326,30
0.229010164784,464,0,351,0,29,326,30
0.229241709873,463,0,351,0,29,327,30
0.229324079985,462,0,352,0,29,327,30
0.229361799617,461,0,352,0,29,328,30
0.229824075428,460,0,352,0,29,329,30
0.229970053553,459,0,353,0,29,329,30
0.230491098452,458,0,354,0,29,329,30
0.230514903929,457,0,354,0,29,330,30
0.230539693122,456,0,355,0,29,330,30
0.231718095606,455,0,356,0,29,330,30
0.232082632336,454,0,356,0,29,331,30
0.232304265614,453,0,357,0,29,331,30
0.232762280331,452,0,358,0,29,331,30
0.233097851867,451,0,358,0,29,332,30
0.233374809158,450,0,359,0,29,332,30
0.233582562003,449,0,360,0,29,332,30
0.2336948496,448,0,361,0,29,332,30
0.233922333242,447,0,361,0,29,333,30
0.234074254032,446,0,362,0,29,333,30
0.234101669553,445,0,362,0,30,333,30
0.234904031448,444,0,363,0,30,333,30
0.235069701185,443,0,364,0,30,333,30
0.235307799281,442,0,364,0,30,334,30
0.235460355578,441,0,365,0,30,334,30
0.235807587497,440,0,365,0,30,335,30
0.236471780793,439,0,366,0,30,335,30
0.23654753166,438,0,367,0,30,335,30
0.23672293914,437,0,368,0,30,335,30
0.237101373949,436,0,369,0,30,335,30
0.237256643611,435,0,369,0,30,336,30
0.237321433121,434,0,369,0,30,337,30
0.237500739427,433,0,370,0,30,337,30
0.237955264741,432,0,371,0,30,337,30
0.238223996438,431,0,372,0,30,337,30
0.238628622591,430,0,373,0,30,337,30
0.238985557495,429,0,374,0,30,337,30
0.239552201883,428,0,374,0,30,338,30
0.240084673355,427,0,374,0,30,339,30
0.240169036963,426,0,375,0,30,339,30
0.240322321479,425,0,375,0,30,340,30
0.240882677741,424,0,376,0,30,340,30
0.241005040181,423,0,376,0,30,341,30
0.24129945458,422,0,377,0,30,341,30
0.241641521356,421,0,378,0,30,341,30
0.241893575167,420,0,379,0,30,341,30
0.242366514491,419,0,380,0,30,341,30
0.242889640424,418,0,380,0,30,342,30
0.243303952122,417,0,380,0,30,343,30
0.244200918968,416,0,381,0,30,343,30
0.244512067968,415,0,381,0,30,344,30
0.244747302709,414,0,382,0,30,344,30
0.245449147106,413,0,382,0,30,345,30
0.245674741765,412,0,383,0,30,345,30
0.245712414089,411,0,383,0,30,346,30
0.245726148781,410,0,384,0,30,346,30
0.245742113084,409,0,385,0,30,346,30
0.246090255964,408,0,386,0,30,346,30
0.246275693296,407,0,386,0,30,347,30
0.246676745654,406,0,386,0,30,348,30
0.246874645289,405,0,387,0,30,348,30
0.247122513223,404,0,388,0,30,348,30
0.247398522005,403,0,389,0,30,348,30
0.247505585936,402,0,390,0,30,348,30
0.247716546213,401,0,391,0,30,348,30
0.247856962606,400,0,392,0,30,348,30
0.248886113436,399,0,393,0,30,348,30
0.249342316414,398,0,393,0,30,349,30
0.249507672278,397,0,393,0,30,350,30
0.249509933536,396,0,393,0,30,351,30
0.249631689562,395,0,393,0,30,352,30
0.249647694567,394,0,394,0,30,352,30
0.24982390874,393,0,394,0,30,353,30
0.249833187725,392,0,395,0,30,353,30
0.249870018651,391,0,396,0,30,353,30
0.249894121282,390,0,397,0,30,353,30
0.250036856408,389,0,398,0,30,353,30
0.250167109094,388,0,398,0,30,354,30
0.250894403318,387,0,398,0,30,355,30
0.2509385332,386,0,398,0,30,356,30
0.251141756499,385,0,399,0,30,356,30
0.251452155529,384,0,400,0,30,356,30
0.251907413598,383,0,400,0,30,357,30
0.252340126149,382,0,401,0,30,357,30
0.252657154389,381,0,402,0,30,357,30
0.252657542314,380,0,403,0,30,357,30
0.252800542513,379,0,404,0,30,357,30
0.253275658818,378,0,405,0,30,357,30
0.255525319825,377,0,405,0,30,358,30
0.255682799223,376,0,406,0,30,358,30
0.255989682443,375,0,407,0,30,358,30
0.256262037093,374,0,408,0,30,358,30
0.256526338674,373,0,409,0,30,358,30
0.256558589891,372,0,409,0,30,359,30
0.256840882674,371,0,409,0,30,360,30
0.257400071774,370,0,410,0,30,360,30
0.257480399728,369,0,410,0,30,361,30
0.258074996925,368,0,410,0,30,362,30
0.259433521754,367,0,410,0,30,363,30
0.25944923095,366,0,410,0,30,364,30
0.259579963603,365,0,410,0,30,365,30
0.260085367039,364,0,410,0,30,366,30
0.26031340404,363,0,410,0,30,367,30
0.260433988175,362,0,410,0,30,368,30
0.261088205381,361,0,411,0,30,368,30
0.26109580896,360,0,411,0,30,369,30
0.261259617024,359,0,411,0,30,370,30
0.261344834159,358,0,411,0,30,371,30
0.261452342526,357,0,411,0,30,372,30
0.261492595891,356,0,411,0,30,373,30
0.261932950138,355,0,411,0,30,374,30
0.261936465869,354,0,411,0,30,375,30
0.26226432524,353,0,412,0,30,375,30
0.262717311487,352,0,412,0,30,376,30
0.26272784132,351,0,413,0,30,376,30
0.262945277742,350,0,413,0,30,377,30
0.263009752016,349,0,413,0,30,378,30
0.263554160046,348,0,414,0,30,378,30
0.263849061286,347,0,414,0,30,379,30
0.264579272479,346,0,415,0,30,379,30
0.264895251144,345,0,416,0,30,379,30
0.265509659743,344,0,417,0,30,379,30
0.266398036708,343,0,417,0,30,380,30
0.266991904069,342,0,417,0,30,381,30
0.267862158022,341,0,418,0,30,381,30
0.267934631243,340,0,418,0,30,382,30
0.26800505982,339,0,418,0,30,383,30
0.268131026749,338,0,419,0,30,383,30
0.268262784875,337,0,419,0,30,384,30
0.268593942186,336,0,419,0,30,385,30
0.268952770972,335,0,420,0,30,385,30
0.269016207653,334,0,420,0,30,386,30
0.269141804237,333,0,420,0,30,387,30
0.269862377228,332,0,420,0,30,388,30
0.270154454979,331,0,420,0,30,389,30
0.270191871429,330,0,421,0,30,389,30
0.271513758939,329,0,421,0,30,390,30
0.271741155189,328,0,421,0,30,391,30
0.271802505125,327,0,421,0,30,392,30
0.271932836589,326,0,421,0,30,393,30
0.27196637984,325,0,422,0,30,393,30
0.272368767494,324,0,423,0,30,393,30
0.272910669158,323,0,424,0,30,393,30
0.273034785449,322,0,424,0,30,394,30
0.273242776542,321,0,424,0,30,395,30
0.273785574773,320,0,425,0,30,395,30
0.274002797002,319,0,426,0,30,395,30
0.274034559647,318,0,427,0,30,395,30
0.274124107384,317,0,427,0,30,396,30
0.274157572166,316,0,427,0,30,397,30
0.274755951792,315,0,428,0,30,397,30
0.274868915692,314,0,428,0,30,398,30
0.275021729569,313,0,429,0,30,398,30
0.275278698173,312,0,429,0,30,399,30
0.27556415138,311,0,429,0,30,400,30
0.275569688203,310,0,430,0,30,400,30
0.275651470183,309,0,431,0,30,400,30
0.275985331226,308,0,432,0,30,400,30
0.278003889,307,0,432,0,30,401,30
0.278627143266,306,0,433,0,30,401,30
0.279316414504,305,0,433,0,30,402,30
0.279614539098,304,0,433,0,30,403,30
0.279653436084,303,0,433,0,30,404,30
0.281060798895,302,0,433,0,30,405,30
0.282032465985,301,0,433,0,30,406,30
0.282334049518,300,0,433,0,30,407,30
0.283083146415,299,0,433,0,30,408,30
0.283748845702,298,0,433,0,30,409,30
0.284420865857,297,0,433,0,30,410,30
0.284595832412,296,0,434,0,30,410,30
0.285767955563,295,0,435,0,30,410,30
0.285923030049,294,0,435,0,30,411,30
0.286037728976,293,0,436,0,30,411,30
0.287064303606,292,0,437,0,30,411,30
0.287065337699,291,0,438,0,30,411,30
0.288219564448,290,0,439,0,30,411,30
0.288284691773,289,0,439,0,30,412,30
0.288909217023,288,0,439,0,30,413,30
0.289662019418,287,0,440,0,30,413,30
0.290883086278,286,0,440,0,30,414,30
0.291266012054,285,0,440,0,30,415,30
0.291488826121,284,0,440,0,30,416,30
0.291587247147,283,0,441,0,30,416,30
0.29247857738,282,0,441,0,30,417,30
0.292762171709,281,0,442,0,30,417,30
0.292814082918,280,0,442,0,30,418,30
0.293304423336,279,0,443,0,30,418,30
0.293499828793,278,0,444,0,30,418,30
0.294468076683,277,0,445,0,30,418,30
0.294511832534,276,0,446,0,30,418,30
0.295009705888,275,0,447,0,30,418,30
0.295076570294,274,0,447,0,30,419,30
0.295091567613,273,0,447,0,30,420,30
0.296848293451,272,0,447,0,30,421,30
0.29688304087,271,0,448,0,30,421,30
0.297176495698,270,0,449,0,30,421,30
0.297939468989,269,0,450,0,30,421,30
0.298127585648,268,0,451,0,30,421,30
0.298136692134,267,0,451,0,30,422,30
0.298936012243,266,0,451,0,30,423,30
0.299375350212,265,0,452,0,30,423,30
0.299671738497,264,0,452,0,30,424,30
0.300423784159,263,0,452,0,30,425,30
0.303790008747,262,0,453,0,30,425,30
0.303829578861,261,0,454,0,30,425,30
0.304072156383,260,0,455,0,30,425,30
0.304298579257,259,0,455,0,30,426,30
0.306270540526,258,0,456,0,30,426,30
0.306544189809,257,0,456,0,30,427,30
0.306838497076,256,0,457,0,30,427,30
0.307225046665,255,0,458,0,30,427,30
0.307343353575,254,0,459,0,30,427,30
0.307343583747,253,0,459,0,30,428,30
0.307487299761,252,0,459,0,30,429,30
0.307682917848,251,0,460,0,30,429,30
0.307736545174,250,0,461,0,30,429,30
0.308478033564,249,0,462,0,30,429,30
0.308509251464,248,0,463,0,30,429,30
0.308629217462,247,0,464,0,30,429,30
0.310153024439,246,0,465,0,30,429,30
0.310155234077,245,0,466,0,30,429,30
0.310767914631,244,0,467,0,30,429,30
0.311648839293,243,0,468,0,30,429,30
0.311931094687,242,0,468,0,30,430,30
0.312230596337,241,0,468,0,30,431,30
0.312236563282,240,0,469,0,30,431,30
0.31244013547,239,0,469,0,30,432,30
0.313281170941,238,0,469,0,30,433,30
0.313283380349,237,0,469,0,30,434,30
0.313974257217,236,0,470,0,30,434,30
0.314023718936,235,0,471,0,30,434,30
0.314028311058,234,0,471,0,30,435,30
0.314405739576,233,0,471,0,30,436,30
0.314779992211,232,0,471,0,30,437,30
0.315025278073,231,0,471,0,30,438,30
0.315097954686,230,0,472,0,30,438,30
0.315204314208,229,0,473,0,30,438,30
0.315890563259,228,0,473,0,30,439,30
0.316268501851,227,0,474,0,30,439,30
0.316990069228,226,0,474,0,30,440,30
0.317471349193,225,0,474,0,30,441,30
0.318563578695,224,0,475,0,30,441,30
0.318952525898,223,0,476,0,30,441,30
0.319147850767,222,0,476,0,30,442,30
0.3198259792,221,0,477,0,30,442,30
0.32022552594,220,0,478,0,30,442,30
0.320242098053,219,0,478,0,30,443,30
0.321549874997,218,0,479,0,30,443,30
0.32160411418,217,0,479,0,30,444,30
0.321768090002,216,0,480,0,30,444,30
0.322196613438,215,0,481,0,30,444,30
0.323193720075,214,0,481,0,30,445,30
0.323742456633,213,0,481,0,30,446,30
0.323976433615,212,0,482,0,30,446,30
0.32407336045,211,0,483,0,30,446,30
0.324278835027,210,0,483,0,30,447,30
0.324568914832,209,0,483,0,30,448,30
0.324725284834,208,0,483,0,30,449,30
0.325416094396,207,0,483,0,30,450,30
0.325842349021,206,0,483,0,30,451,30
0.32613331727,205,0,484,0,30,451,30
0.326701117285,204,0,485,0,30,451,30
0.327314751136,203,0,485,0,30,452,30
0.329078876933,202,0,485,0,30,453,30
0.329413620484,201,0,486,0,30,453,30
0.331271500385,200,0,486,0,30,454,30
0.331920493295,199,0,486,0,30,455,30
0.332527797933,198,0,486,0,30,456,30
0.332618615845,197,0,486,0,30,457,30
0.333818017968,196,0,487,0,30,457,30
0.333978119542,195,0,488,0,30,457,30
0.334611921617,194,0,489,0,30,457,30
0.336014264,193,0,489,0,30,458,30
0.336537042843,192,0,489,0,30,459,30
0.339292418541,191,0,489,0,30,460,30
0.339428188962,190,0,489,0,30,461,30
0.339509990529,189,0,490,0,30,461,30
0.339697422322,188,0,491,0,30,461,30
0.340070731176,187,0,492,0,30,461,30
0.340212774397,186,0,492,0,30,462,30
0.340571010991,185,0,493,0,30,462,30
0.340981571635,184,0,493,0,30,463,30
0.341325958122,183,0,493,0,30,464,30
0.341578236743,182,0,493,0,30,465,30
0.342543237843,181,0,493,0,30,466,30
0.342590434033,180,0,493,0,30,467,30
0.343579070629,179,0,493,0,30,468,30
0.344930991749,178,0,493,0,30,469,30
0.345901939145,177,0,494,0,30,469,30
0.347048307564,176,0,494,0,30,470,30
0.347150160207,175,0,494,0,30,471,30
0.347374892954,174,0,494,0,30,472,30
0.347420788489,173,0,494,0,30,473,30
0.348547377741,172,0,494,0,30,474,30
0.348798063925,171,0,494,0,30,475,30
0.34890958732,170,0,494,0,30,476,30
0.349729147965,169,0,495,0,30,476,30
0.350713421614,168,0,495,0,30,477,30
0.350949484346,167,0,496,0,30,477,30
0.351125117629,166,0,497,0,30,477,30
0.352497211123,165,0,497,0,30,478,30
0.352995961732,164,0,497,0,30,479,30
0.353541915793,163,0,497,0,30,480,30
0.354650829696,162,0,497,0,30,481,30
0.354682155313,161,0,498,0,30,481,30
0.354868916638,160,0,499,0,30,481,30
0.35487136835,159,0,500,0,30,481,30
0.355749813799,158,0,501,0,30,481,30
0.358054190097,157,0,501,0,30,482,30
0.358327328525,156,0,502,0,30,482,30
0.35860374055,155,0,503,0,30,482,30
0.358706743172,154,0,503,0,30,483,30
0.35897036455,153,0,503,0,30,484,30
0.360412949026,152,0,503,0,30,485,30
0.361701515246,151,0,504,0,30,485,30
0.361805588686,150,0,505,0,30,485,30
0.364129057748,149,0,506,0,30,485,30
0.364939522877,148,0,507,0,30,485,30
0.366225712496,147,0,508,0,30,485,30
0.366852198278,146,0,509,0,30,485,30
0.367229996055,145,0,509,0,30,486,30
0.367926404558,144,0,509,0,30,487,30
0.368801895243,143,0,510,0,30,487,30
0.369275828138,142,0,510,0,30,488,30
0.372509688845,141,0,510,0,30,489,30
0.372704351098,140,0,511,0,30,489,30
0.374372478725,139,0,512,0,30,489,30
0.37511987115,138,0,513,0,30,489,30
0.37585979213,137,0,513,0,30,490,30
0.377531511984,136,0,514,0,30,490,30
0.38001572144,135,0,515,0,30,490,30
0.380171526622,134,0,515,0,30,491,30
0.380483973097,133,0,515,0,30,492,30
0.38055813119,132,0,515,0,30,493,30
0.381034075669,131,0,515,0,30,494,30
0.381673079289,130,0,515,0,30,495,30
0.382084730571,129,0,515,0,30,496,30
0.382150368515,128,0,515,0,30,497,30
0.382976014057,127,0,516,0,30,497,30
0.382985066999,126,0,516,0,30,498,30
0.383027595922,125,0,517,0,30,498,30
0.383412659035,124,0,517,0,30,499,30
0.385239620105,123,0,517,0,30,500,30
0.385277851851,122,0,518,0,30,500,30
0.385861273351,121,0,519,0,30,500,30
0.385898941982,120,0,519,0,30,501,30
0.387576365542,119,0,519,0,30,502,30
0.388093656854,118,0,519,0,30,503,30
0.389726930732,117,0,519,0,30,504,30
0.389896439924,116,0,519,0,30,505,30
0.391534867039,115,0,520,0,30,505,30
0.391618706505,114,0,521,0,30,505,30
0.392041075817,113,0,521,0,30,506,30
0.392319576555,112,0,521,0,30,507,30
0.392361027371,111,0,521,0,30,508,30
0.394428695484,110,0,521,0,30,509,30
0.395565426093,109,0,521,0,30,510,30
0.396133014105,108,0,522,0,30,510,30
0.396451722077,107,0,522,0,30,511,30
0.396497777129,106,0,523,0,30,511,30
0.396720503044,105,0,523,0,30,512,30
0.397685415861,104,0,524,0,30,512,30
0.398519869948,103,0,525,0,30,512,30
0.398962037536,102,0,525,0,30,513,30
0.400237928945,101,0,525,0,30,514,30
0.401365613655,100,0,526,0,30,514,30
0.402506873121,99,0,527,0,30,514,30
0.403839866172,98,0,527,0,30,515,30
0.403980393619,97,0,528,0,30,515,30
0.404587122669,96,0,528,0,30,516,30
0.406042837127,95,0,529,0,30,516,30
0.408382377248,94,0,530,0,30,516,30
0.410944727219,93,0,530,0,30,517,30
0.417785525829,92,0,531,0,30,517,30
0.421705105365,91,0,531,0,30,518,30
0.421968775026,90,0,532,0,30,518,30
0.422985805745,89,0,533,0,30,518,30
0.424695363788,88,0,534,0,30,518,30
0.426999283189,87,0,534,0,30,519,30
0.427806142735,86,0,535,0,30,519,30
0.430574210606,85,0,536,0,30,519,30
0.432021575276,84,0,536,0,30,520,30
0.432515758491,83,0,537,0,30,520,30
0.433751706731,82,0,537,0,30,521,30
0.434843965612,81,0,538,0,30,521,30
0.436609825296,80,0,538,0,30,522,30
0.440202337259,79,0,538,0,30,523,30
0.444380250443,78,0,539,0,30,523,30
0.446967474577,77,0,540,0,30,523,30
0.447293329473,76,0,540,0,30,524,30
0.447733353183,75,0,541,0,30,524,30
0.449997086999,74,0,541,0,30,525,30
0.451863369127,73,0,542,0,30,525,30
0.455528773026,72,0,542,0,30,526,30
0.456012134953,71,0,542,0,30,527,30
0.45809926607,70,0,542,0,30,528,30
0.463006102742,69,0,543,0,30,528,30
0.466662479771,68,0,543,0,30,529,30
0.468250336621,67,0,543,0,30,530,30
0.46960739201,66,0,543,0,30,531,30
0.470719955618,65,0,543,0,30,532,30
0.47636313642,64,0,543,0,30,533,30
0.481188483154,63,0,543,0,30,534,30
0.481872036695,62,0,543,0,30,535,30
0.482799276319,61,0,543,0,30,536,30
0.490239761555,60,0,544,0,30,536,30
0.492266169505,59,0,544,0,30,537,30
0.494081527115,58,0,544,0,30,538,30
0.494981820558,57,0,544,0,30,539,30
0.495747813197,56,0,545,0,30,539,30
0.501637997256,55,0,545,0,30,540,30
0.502225219128,54,0,546,0,30,540,30
0.503501717818,53,0,546,0,30,541,30
0.504154946984,52,0,547,0,30,541,30
0.508621614411,51,0,548,0,30,541,30
0.508878115817,50,0,549,0,30,541,30
0.51004573198,49,0,549,0,30,542,30
0.513971897851,48,0,550,0,30,542,30
0.515102213934,47,0,550,0,30,543,30
0.516263885044,46,0,550,0,30,544,30
0.518149204596,45,0,551,0,30,544,30
0.519852181379,44,0,552,0,30,544,30
0.522185821458,43,0,553,0,30,544,30
0.522988203014,42,0,554,0,30,544,30
0.52354063511,41,0,555,0,30,544,30
0.524205298161,40,0,556,0,30,544,30
0.528984895752,39,0,556,0,30,545,30
0.529631047382,38,0,556,0,30,546,30
0.536615733385,37,0,556,0,30,547,30
0.538305120302,36,0,557,0,30,547,30
0.540269197612,35,0,558,0,30,547,30
0.547645069684,34,0,558,0,30,548,30
0.550357929508,33,0,559,0,30,548,30
0.560008794045,32,0,559,0,30,549,30
0.562932583589,31,0,560,0,30,549,30
0.567277296463,30,0,561,0,30,549,30
0.569528863711,29,0,561,0,30,550,30
0.571484213368,28,0,562,0,30,550,30
0.573414896188,27,0,563,0,30,550,30
0.577829273247,26,0,564,0,30,550,30
0.581137002325,25,0,565,0,30,550,30
0.585068052718,24,0,566,0,30,550,30
0.6062069425,23,0,566,0,30,551,30
0.610323861662,22,0,566,0,30,552,30
0.620081832621,21,0,567,0,30,552,30
0.620201218319,20,0,568,0,30,552,30
0.621692625708,19,0,569,0,30,552,30
0.622013667775,18,0,570,0,30,552,30
0.63425410767,17,0,571,0,30,552,30
0.638243941183,16,0,571,0,30,553,30
0.63938927826,15,0,571,0,30,554,30
0.64444715563,14,0,572,0,30,554,30
0.651733835759,13,0,573,0,30,554,30
0.669365815272,12,0,573,0,30,555,30
0.672943677537,11,0,574,0,30,555,30
0.684676936859,10,0,574,0,30,556,30
0.690963892319,9,0,574,0,30,557,30
0.697067265229,8,0,574,0,30,558,30
0.710430672147,7,0,574,0,30,559,30
0.711809783549,6,0,575,0,30,559,30
0.725429283559,5,0,575,0,30,560,30
0.742505567764,4,0,575,0,30,561,30
0.774349676422,3,0,575,0,30,562,30
0.823342941257,2,0,575,0,30,563,30
0.920608203691,1,0,576,0,30,563,30
1.05694708584,0,0,576,0,30,564,30
